<!-- ASE - Allegro Sprite Editor -->
<!-- Copyright (C) 2001-2010 by David Capello -->
<jinete>
<window text="Color Curve" name="color_curve">
  <box vertical="true">
    <box horizontal="true" expansive="true">
      <view expansive="true" name="curve" /><!-- custom widget -->
      <box vertical="true">
        <button text="&amp;OK" name="button_ok" magnetic="true" />
        <button text="&amp;Cancel" />
        <box name="target" />
        <check text="&amp;Preview" name="preview" />
      </box>
    </box>
  </box>
</window>
<window text="Point Properties" name="point_properties">
  <box vertical="true">
    <box horizontal="true" expansive="true">
      <box vertical="true" homogeneous="true">
        <label text="X:" />
        <label text="Y:" />
      </box>
      <box vertical="true" homogeneous="true" expansive="true">
        <entry maxsize="32" name="x" magnetic="true" />
        <entry maxsize="32" name="y" />
      </box>
    </box>
    <box horizontal="true" homogeneous="true">
      <button text="&amp;OK" name="button_ok" magnetic="true" />
      <button text="&amp;Cancel" />
    </box>
  </box>
</window>
</jinete>
