<!-- ASE - Allegro Sprite Editor -->
<!-- Copyright (C) 2001-2010 by David Capello -->
<jinete>
<window text="" name="file_selector">
  <box vertical="true">
    <box horizontal="true">
      <box horizontal="true" noborders="true">
	<button text="" name="goback" bevel="2 0 2 0" tooltip="Go back one folder" />
	<button text="" name="goforward" bevel="0 2 0 2" tooltip="Go forward one folder" />
      </box>
      <button text="" name="goup" tooltip="Up to parent folder&#10;(Backspace)" />
      <combobox name="location" expansive="true" />
    </box>
    <box vertical="true" expansive="true" name="box" />
    <box horizontal="true">
      <label text="Name:" />
      <entry text="" maxsize="256" name="filename" expansive="true" magnetic="true" />
      <combobox name="filetype" minwidth="70" />
    </box>
    <box horizontal="true">
      <box horizontal="true" expansive="true" />
      <box horizontal="true" homogeneous="true">
	<button text="&amp;OK" name="ok" magnetic="true" width="60" />
	<button text="&amp;Cancel" name="cancel" />
      </box>
    </box>
  </box>
</window>
</jinete>
