<!-- ASE - Allegro Sprite Editor -->
<!-- Copyright (C) 2001-2010 by David Capello -->
<jinete>
<window text="Median Blur" name="median">
  <box vertical="true">
    <box horizontal="true">
      <box horizontal="true" expansive="true">
        <box vertical="true" homogeneous="true">
          <label text="Width:" />
          <label text="Height:" />
        </box>
        <box vertical="true" homogeneous="true" expansive="true">
          <entry expansive="true" name="width" maxsize="4" />
          <entry expansive="true" name="height" maxsize="4" />
        </box>
      </box>
      <box vertical="true">
        <box name="target" />
        <check text="&amp;Preview" name="preview" />
        <check text="&amp;Tiled" name="tiled" />
      </box>
    </box>
    <box horizontal="true" homogeneous="true" expansive="true">
      <button text="&amp;OK" name="button_ok" magnetic="true" />
      <button text="&amp;Cancel" />
    </box>
  </box>
</window>
</jinete>
