<!-- ASE - Allegro Sprite Editor -->
<!-- Copyright (C) 2001-2010 by David Capello -->
<jinete>
<window text="Play FLI/FLC" name="play_fli">
  <box vertical="true">
    <check text="Loop" name="loop" />
    <check text="Fullscreen" name="fullscreen" />
    <button text="&amp;Open" name="button_open" />
    <box horizontal="true" homogeneous="true" expansive="true">
      <button text="&amp;Play" name="button_play" magnetic="true" />
      <button text="&amp;Close" />
    </box>
  </box>
</window>
</jinete>
