<!-- ASE - Allegro Sprite Editor -->
<!-- Copyright (C) 2001-2010 by David Capello -->
<jinete>
<window text="Sprite Properties" name="sprite_properties">
  <box vertical="true">
    <box horizontal="true">
      <grid columns="2" expansive="true">

        <label text="File name:" />
        <entry text="" name="name" maxsize="256" minwidth="64" readonly="true" cell_align="horizontal" />

        <label text="Type:" />
        <label text="" name="type" />

        <label text="Size:" />
        <label text="" name="size" />

        <label text="Frames:" />
        <label text="" name="frames" />
      </grid>
    </box>
    <separator horizontal="true" />
    <box horizontal="true">
      <button text="Constant Frame-Rate Speed" name="speed" />
      <box horizontal="true" expansive="true" />
      <box horizontal="true" homogeneous="true">
	<button text="&amp;OK" name="ok" magnetic="true" width="60" />
	<button text="&amp;Cancel" />
      </box>
    </box>
  </box>
</window>
</jinete>
