<!-- ASE - Allegro Sprite Editor -->
<!-- Copyright (C) 2001-2010 by David Capello -->
<jinete>
<window text="Draw Text" name="drawtext_window">
  <box vertical="true">
    <box horizontal="true">
      <box vertical="true" homogeneous="true">
	<label text="Font:" />
	<label text="Size:" />
      </box>
      <box vertical="true" homogeneous="true" expansive="true">
	<button text="" name="font" />
	<entry maxsize="8" name="size"/>
      </box>
    </box>
<!--     <label text="Fixed Size:" /> -->
<!--     <view expansive="true"> -->
<!--       <listbox /> -->
<!--     </view> -->
    <separator horizontal="true" />
    <box horizontal="true">
      <box vertical="true" homogeneous="true">
	<label text="Text:" />
	<label text="Color:" />
      </box>
      <box vertical="true" homogeneous="true" expansive="true" name="color_box">
	<entry maxsize="256" name="text" expansive="true" />
      </box>
    </box>
    <box horizontal="true" homogeneous="true">
      <button text="&amp;OK" name="ok" magnetic="true" />
      <button text="&amp;Cancel" />
    </box>
  </box>
</window>
</jinete>
