<!-- ASE - Allegro Sprite Editor -->
<!-- Copyright (C) 2001-2010 by David Capello -->
<jinete>
<window text="JPEG Options" name="jpeg_options">
  <grid columns="2">
    <label text="Quality:" />
    <slider min="0" max="10" name="quality" cell_align="horizontal" width="128" />

    <separator horizontal="true" cell_hspan="2" />

    <box horizontal="true" homogeneous="true" cell_hspan="2" cell_align="right">
      <button text="&amp;OK" name="ok" magnetic="true" minwidth="60" />
      <button text="&amp;Cancel" />
    </box>
  </grid>
</window>
</jinete>
